"","k.inac","1","2"
"1",0,0.96817743490839,0.824185248713551
"2",1,0.0318225650916104,0.175814751286449
