"","Tam_nue","1","2"
"1","Pequeña",0.533269045323047,0.224699828473413
"2","Mediana",0.377531340405014,0.367066895368782
"3","Grande",0.0891996142719383,0.408233276157804
