"","did","1","2"
"1",0,0.806971677559913,0.477591036414566
"2",1,0.193028322440087,0.522408963585434
