"","dai","1","2"
"1",0,0.46318082788671,0.0686274509803922
"2",1,0.53681917211329,0.931372549019608
