"","joven","1","2"
"1","Más de 10 años",0.700096432015429,0.8147512864494
"2","10 años o menos",0.299903567984571,0.1852487135506
