"","exporta","1","2"
"1",0,0.723747276688453,0.379551820728291
"2",1,0.276252723311547,0.620448179271709
